{"cameraMode":{"drawMode":0,"name":"Shaded","section":"Shading Mode"},"sceneLighting":true,"audioPlay":false,"sceneViewState":{"m_AlwaysRefresh":false,"showFog":true,"showSkybox":true,"showFlares":true,"showImageEffects":true,"showParticleSystems":true,"showVisualEffectGraphs":true,"m_FxEnabled":true},"in2DMode":false,"pivot":{"x":-3.490999937057495,"y":0.17800000309944154,"z":-1.1369999647140504},"rotation":{"x":-0.07257980853319168,"y":0.8941633701324463,"z":-0.15717343986034394,"w":-0.41290080547332766},"size":0.8660253882408142,"orthographic":true}